{
  "archive-1" : {
    "transaction" : "archive-1",
    "sampleCount" : 25,
    "errorCount" : 0,
    "errorPct" : 0.0,
    "meanResTime" : 12659.56,
    "medianResTime" : 12612.0,
    "minResTime" : 5561.0,
    "maxResTime" : 17318.0,
    "pct1ResTime" : 15980.400000000001,
    "pct2ResTime" : 17088.8,
    "pct3ResTime" : 17318.0,
    "throughput" : 0.9172292339301438,
    "receivedKBytesPerSec" : 48.31110867790578,
    "sentKBytesPerSec" : 0.11375792256750807
  },
  "archive-0" : {
    "transaction" : "archive-0",
    "sampleCount" : 25,
    "errorCount" : 0,
    "errorPct" : 0.0,
    "meanResTime" : 6684.639999999999,
    "medianResTime" : 7311.0,
    "minResTime" : 1555.0,
    "maxResTime" : 12261.0,
    "pct1ResTime" : 9906.000000000002,
    "pct2ResTime" : 11777.699999999999,
    "pct3ResTime" : 12261.0,
    "throughput" : 1.3496005182465989,
    "receivedKBytesPerSec" : 0.6945697979648023,
    "sentKBytesPerSec" : 0.1660641262686245
  },
  "Total" : {
    "transaction" : "Total",
    "sampleCount" : 75,
    "errorCount" : 0,
    "errorPct" : 0.0,
    "meanResTime" : 12896.306666666667,
    "medianResTime" : 11750.0,
    "minResTime" : 1555.0,
    "maxResTime" : 24497.0,
    "pct1ResTime" : 21947.0,
    "pct2ResTime" : 22608.600000000002,
    "pct3ResTime" : 24497.0,
    "throughput" : 2.538758377902647,
    "receivedKBytesPerSec" : 90.01650457399634,
    "sentKBytesPerSec" : 0.4181678838602667
  },
  "archive" : {
    "transaction" : "archive",
    "sampleCount" : 25,
    "errorCount" : 0,
    "errorPct" : 0.0,
    "meanResTime" : 19344.719999999998,
    "medianResTime" : 20305.0,
    "minResTime" : 7179.0,
    "maxResTime" : 24497.0,
    "pct1ResTime" : 23539.0,
    "pct2ResTime" : 24326.6,
    "pct3ResTime" : 24497.0,
    "throughput" : 0.8462527926342157,
    "receivedKBytesPerSec" : 45.00825228699817,
    "sentKBytesPerSec" : 0.20908394193013335
  }
}